sid,stream,name,mob_no,email,gender,x_perc,xii_perc,cet_perc,physics_xii,chem_xii,maths_xii,jee_perc,father_name,father_occupation,mother_name,mother_occupation,parent_income,pincode,minority
20211100001,EXTC,Michelle Thompson,9665677722,michellethompson@gmail.com,F,36.39,98.89,50.86,68.4,85.48,60.12,73.54,John Davidson,"Production designer, theatre/television/film",Andrea Dixon,Adult guidance worker,875833,400097,christian
20211100002,COMPS,Andrew Smith,8999823676,andrewsmith@gmail.com,M,93.97,67.85,31.83,72.04,82.16,86.13,16.86,Christopher Morales,"Journalist, magazine",Rebecca Wallace,Interpreter,434181,400065,christian
20211100003,MECH,Paul Robertson,8999737121,paulrobertson@hotmail.com,M,87.76,66.54,30.34,89.97,75.89,66.88,35.44,Willie Austin,"Loss adjuster, chartered",Lori Daniel,Chief Financial Officer,596008,400064,christian
20211100004,EXTC,John Santana,9967427952,johnsantana@gmail.com,M,40.13,83.62,65.84,61.21,97.62,65.26,41.7,Timothy Meyer,"Development worker, community",Tricia Bishop,"Pharmacist, community",1268275,400012,christian
20211100005,COMPS,Michael Garcia,9867362832,michaelgarcia@gmail.com,M,76.32,86.95,44.06,70.96,92.85,79.48,40.09,Carlos Norman,"Journalist, broadcasting",Mary Kelley,"Designer, furniture",1476479,400010,christian
20211100006,EXTC,William Edwards,7738339743,williamedwards@gmail.com,M,82.2,94.91,83.97,85.46,99.83,58.23,30.8,Nicholas Mercado,Tax adviser,Megan Johnson,Dancer,227725,400066,christian
20211100007,COMPS,Joseph Moreno,9892358351,josephmoreno@hotmail.com,M,78.11,97.52,70.11,84.71,94.2,91.02,75.17,Keith Richardson,Investment analyst,Evelyn Moore,Conference centre manager,788271,400099,christian
20211100008,EXTC,Stacie Alexander,9867185099,staciealexander@gmail.com,F,80.43,91.35,33.55,67.3,96.04,60.51,43.87,John Aguilar,Phytotherapist,Susan Hawkins,Location manager,1204592,400085,christian
20211100009,EXTC,Alex Allen,9867328326,alexallen@gmail.com,M,94.16,86.06,75.37,88.81,83.4,82.67,41.44,Brett Davis,Chartered legal executive (England and Wales),Julie Parsons,Television camera operator,1244459,400089,christian
20211100010,COMPS,Theresa Smith,9867720051,theresasmith@gmail.com,F,36.25,76.8,9.66,97.96,76.78,55.06,3.26,Michael Reynolds,"Scientist, physiological",Kim Lin,Press sub,1300180,400036,christian
20211100011,EXTC,Peter Riley,8451879594,peterriley@hotmail.com,M,84.14,61.65,9.59,81.92,65.68,80.61,34.98,Troy Schroeder,Animator,Dr. Jeanette Jordan MD,Clinical biochemist,732107,400008,christian
20211100012,IT,Leslie Woods,9004941954,lesliewoods@gmail.com,F,92.88,84,3.97,98.17,75.49,82.37,30.68,John Mcdonald,"Lecturer, further education",Tina Jones,Licensed conveyancer,148305,400075,christian
20211100013,MECH,Stephen Perez,8454937293,stephenperez@gmail.com,M,51.16,70.8,68.85,64.76,50.56,51.77,60.22,John Carpenter,Sports development officer,Ashley Carter,Pathologist,1143659,400034,christian
20211100014,COMPS,James Lang,9987546738,jameslang@yahoo.com,M,35.12,83.73,39.71,97.57,75.89,95.48,7.93,Matthew Roberts,"Librarian, academic",Stephanie Haney,Retail buyer,632109,400065,christian
20211100015,IT,Dustin Bishop,9892470375,dustinbishop@yahoo.com,M,92.45,75.13,52.92,57.94,60.58,57.24,22.61,Thomas Smith,"Engineer, automotive",Deborah Hernandez,Chartered management accountant,497675,400045,christian
20211100016,IT,Mr. Gregory Miller,9867822956,mr.gregorymiller@gmail.com,M,35.03,65.9,94.42,79.74,63.57,86.1,10.36,Christopher Michael,"Scientist, research (maths)",Cassandra Bryant,Insurance claims handler,1103746,400057,christian
20211100017,IT,Jean Valdez DDS,9665545185,jeanvaldezdds@gmail.com,F,69.13,73.53,32.36,55.12,64.68,90.3,35.21,William Burnett,Community arts worker,Gabrielle Mitchell,Soil scientist,1056377,400042,christian
20211100018,MECH,Edward Miller,9987731917,edwardmiller@gmail.com,M,71.39,61.12,2.66,57.48,87.64,50.15,37.47,Charles Miranda,"Clinical scientist, histocompatibility and immunogenetics",Kelsey Hunter,Sales executive,647672,400011,christian
20211100019,IT,Amy Rodriguez,9665931107,amyrodriguez@gmail.com,F,48.69,93.58,86.48,96.75,65.52,93.42,24.04,Adam Yoder,Haematologist,Jordan Abbott,"Librarian, academic",1455634,400092,non-minority
20211100020,IT,John Powers,9665927983,johnpowers@gmail.com,M,82.88,70.92,94.23,53.25,85.07,60.79,49.6,Jonathan Price,"Surveyor, insurance",Michelle Owens,Health and safety inspector,681868,400072,non-minority
20211100021,IT,John Bennett,9967171033,johnbennett@yahoo.com,M,78.09,68.75,29.74,52.53,81.52,66.63,51.48,Larry Wilson,Hospital doctor,Kristi Martin,Dentist,1141194,400038,non-minority
20211100022,EXTC,Charles Grimes,9892581930,charlesgrimes@gmail.com,M,90.64,98.83,26.01,73.37,61.87,90.04,14.07,Isaac Mcdowell,Operational researcher,Autumn Brown,Prison officer,576015,400016,non-minority
20211100023,MECH,Angela Johnson,9665914313,angelajohnson@gmail.com,F,84.11,99.01,79.94,77.2,60.1,56,9.82,Trevor Hernandez,Solicitor,Eileen Andrews,Educational psychologist,1001327,400053,non-minority
20211100024,COMPS,Donald Ingram PhD,9665770201,donaldingramphd@gmail.com,M,69.7,57.67,18.54,51.48,96.42,74.61,55.23,Steven Conley,"Scientist, forensic",Kaitlyn Dean,"Doctor, hospital",818247,400079,non-minority
20211100025,EXTC,Thomas Spencer,9967445480,thomasspencer@yahoo.com,M,97.23,86.35,38.21,79.62,73.57,57.5,80.25,Thomas Ball,"Psychologist, counselling",Amanda Flores,Chief Strategy Officer,1321855,400011,non-minority
20211100026,IT,Willie Gross,9987235546,williegross@yahoo.com,M,90.16,67.63,50.81,87.36,57.1,59.34,46.22,Nathaniel Meyers,Financial planner,Sarah West,Professor Emeritus,474766,400091,non-minority
20211100027,EXTC,Susan Phillips,8999453900,susanphillips@gmail.com,F,69.15,57.79,63.71,79.82,98.36,79.49,77.83,Isaac Harrison,"Teacher, primary school",Amanda Hill,"Engineer, manufacturing",883381,400007,non-minority
20211100028,IT,Karen Howe,8452087580,karenhowe@yahoo.com,F,70.1,77.98,27.35,70.52,97.16,53.04,89.07,Zachary Doyle,"Administrator, charities/voluntary organisations",Jessica Preston,Medical physicist,1060639,400071,non-minority
20211100029,IT,Danielle Scott,8454024765,daniellescott@yahoo.com,F,60.54,64.83,56.43,51.75,65.41,95.53,42.56,Larry Gibbs,Transport planner,Deborah Barrett,Medical physicist,385408,400053,non-minority
20211100030,EXTC,Marc Hernandez,8452047517,marchernandez@gmail.com,M,99.31,83.07,58.56,52.64,67.35,70.11,56.95,Philip Freeman,Probation officer,Megan Goodman,"Conservator, furniture",1357623,400068,non-minority
20211100031,EXTC,Charles King,9665989637,charlesking@yahoo.com,M,59.58,67.36,17.49,76.76,63.33,94.45,53.48,Jeffrey Salinas,Merchant navy officer,Dawn Chambers,"Embryologist, clinical",857931,400001,non-minority
20211100032,MECH,Anthony Smith,8452071720,anthonysmith@gmail.com,M,43.13,68.77,28.09,54.61,91.69,77.72,49.68,James Robinson,"Geologist, wellsite",Carolyn Green,Dancer,555115,400062,non-minority
20211100033,MECH,Andrew Bass,8999865987,andrewbass@yahoo.com,M,74.58,78.24,74.68,81.26,92.11,62.83,44.94,Patrick Velazquez,Hydrographic surveyor,Taylor Munoz,Freight forwarder,1412679,400098,non-minority
20211100034,EXTC,Sean Bell,9892468751,seanbell@gmail.com,M,88.91,74.13,63.7,95.55,56.18,64.92,0.48,John Strong,Civil Service fast streamer,Mary Mills,Cytogeneticist,1377592,400019,non-minority
20211100035,MECH,Russell Collins,9004486549,russellcollins@gmail.com,M,75.58,64.24,88.64,87.12,91.74,88.75,15.45,Anthony Hicks,Materials engineer,Diana Perkins,Advertising copywriter,664996,400045,non-minority
20211100036,IT,Joel York,9004232065,joelyork@gmail.com,M,51.01,98.14,5.86,74.39,89.25,72.18,64.1,Thomas Gonzales,Museum/gallery exhibitions officer,Mrs. Sandra Johnson,"Pharmacist, community",962695,400066,non-minority
20211100037,COMPS,Linda Johnson,8999052987,lindajohnson@yahoo.com,F,99.7,92.01,42.69,96.87,56.32,72.41,44.27,Sean Larsen,Hydrologist,Robin Gutierrez,Textile designer,1483041,400033,non-minority
20211100038,EXTC,Matthew Bolton,9967846211,matthewbolton@gmail.com,M,87.29,89.28,86.42,68.63,89.13,73.23,76.5,Shaun King,Ambulance person,Mary Anderson,"Therapist, nutritional",885215,400018,non-minority
20211100039,EXTC,Kayla Summers,7738667211,kaylasummers@hotmail.com,F,50.51,53.16,92.46,94.18,83.41,99.65,16.43,Ruben Bridges,"Surveyor, building",Tanya Burgess,Secretary/administrator,1446095,400039,non-minority
20211100040,MECH,Joseph Young,9665491309,josephyoung@gmail.com,M,66.57,67.5,37.8,75.63,59.56,71.09,26.89,Alexander Villa,"Education officer, community",Elizabeth Blankenship,"Librarian, academic",217053,400019,non-minority
20211100041,MECH,Kenneth Hubbard,9867198677,kennethhubbard@gmail.com,M,43.69,89.93,50.79,80.77,67.96,67.74,83.35,Brandon Cox,Insurance risk surveyor,Angela Lopez,"Designer, furniture",668040,400083,non-minority
20211100042,IT,Alexandria Estrada,9987788231,alexandriaestrada@yahoo.com,F,74.93,86.73,35.59,55.73,71.07,94.46,7.52,Anthony Jones,Environmental education officer,Jodi Morgan,Chartered management accountant,837704,400093,non-minority
20211100043,IT,Julia Barber,8999714137,juliabarber@gmail.com,F,92.56,79.05,83.34,50.59,80.89,78.04,0.38,Eric Fields,Network engineer,Ariel Rojas,Telecommunications researcher,1233941,400093,non-minority
20211100044,MECH,Scott Bell,9004638188,scottbell@yahoo.com,M,89.13,58.58,35.35,96.91,93.55,56.72,88.68,Jose Mooney,Chartered certified accountant,Mrs. Lisa Simmons,"Psychologist, forensic",988298,400010,non-minority
20211100045,COMPS,Stephanie Boyle,9665891560,stephanieboyle@hotmail.com,F,83.78,55.23,7.48,58.88,64.63,96.36,73.08,Michael King,Emergency planning/management officer,Danielle Mendoza,"Editor, magazine features",457307,400101,non-minority
20211100046,MECH,Robert Ortiz,9867941314,robertortiz@gmail.com,M,36.27,68.02,69.55,78.24,84.48,82.85,64.68,David Mullins,"Engineer, technical sales",Ashley Mccall,Learning disability nurse,413854,400005,non-minority
20211100047,MECH,Jason Fox,8999247930,jasonfox@gmail.com,M,52.97,82.09,31.46,69.74,50.1,69.39,2.43,Mr. Kyle Kirk,Equities trader,Anna Hancock,"Engineer, structural",1160634,400001,non-minority
20211100048,MECH,Kaitlin Ellis,9867271289,kaitlinellis@gmail.com,F,46.81,94.99,27.92,57.21,63.49,58.33,37.86,Johnny Carpenter,Licensed conveyancer,Lindsey Hernandez,Operational researcher,575760,400091,non-minority
20211100049,EXTC,Linda Chavez,7738971618,lindachavez@yahoo.com,F,67.5,95.07,39.2,61.46,80.29,99.25,23.68,Michael Barr,"Conservation officer, historic buildings",Vanessa Christensen,Theatre manager,627736,400045,non-minority
20211100050,IT,Todd Santiago,9987212650,toddsantiago@yahoo.com,M,57.33,76.15,51.06,81.05,95.43,84.73,77.29,Terry Harrison,Research scientist (medical),Amanda Newman,"Surveyor, commercial/residential",501386,400095,non-minority
20211100051,EXTC,Daniel Moore,9867510127,danielmoore@gmail.com,M,86.72,86.01,2.78,53,79.76,96.58,23.45,Christopher Ortega,Make,Ann Durham,"Secretary, company",945798,400097,non-minority
20211100052,MECH,Emily Olson,9004165401,emilyolson@gmail.com,F,82.51,64.1,2.1,61.9,86.28,61.56,63.59,Shawn Mckenzie,"Scientist, biomedical",Pamela Reed,Research scientist (medical),155305,400098,non-minority
20211100053,EXTC,Tyler Roy,9867680981,tylerroy@yahoo.com,M,80.76,98.72,22.05,56.14,74.46,71.16,59.33,Jonathan Wang,Web designer,Emily Carter,Waste management officer,1136818,400019,non-minority
20211100054,EXTC,Michelle Brown,9867418420,michellebrown@gmail.com,F,78.95,81.23,78.5,77.04,99.7,71.3,76.43,Jesse Poole,Surgeon,Jessica Potts,Trading standards officer,848497,400078,christian
20211100055,COMPS,Mr. Charles Horton,9967934798,mr.charleshorton@gmail.com,M,61.62,97.57,37.87,54.69,93.13,67.38,84.05,Eric Williams,Scientific laboratory technician,Amanda Williams,Cabin crew,678243,400020,christian
20211100056,EXTC,Jesse Bolton,9967531931,jessebolton@gmail.com,M,54.29,68.54,70.24,84.48,67.39,78.96,12.34,Taylor Johnston,"Geologist, engineering",Anita Garner,"Investment banker, operational",208957,400068,christian
20211100057,EXTC,Robert Stokes,8999369822,robertstokes@gmail.com,M,67.02,91.76,80.26,70.61,60.67,89.27,68.41,Tony Davis,"Engineer, electrical",Kelsey Torres,Chartered legal executive (England and Wales),723968,400068,christian
20211100058,MECH,Michelle White,9987582435,michellewhite@yahoo.com,F,46.01,66.11,42.96,76.48,97.36,87.74,5.39,Louis Mendez,Network engineer,Kristen Trujillo,Chemical engineer,524385,400075,christian
20211100059,EXTC,Aaron Williams,9004470570,aaronwilliams@gmail.com,M,69.39,95.67,10.46,57.9,59.29,77.03,78.73,Justin Jackson,Further education lecturer,Allison Ford,Heritage manager,1357274,400011,christian
20211100060,MECH,Richard Cole,9867193461,richardcole@gmail.com,M,46.33,91.66,91.26,90.5,64.94,77.1,1.01,Eric Lucas,Dentist,Christine Prince,"Engineer, manufacturing",1007093,400008,christian
20211100061,COMPS,Elizabeth Johnson,7738567531,elizabethjohnson@gmail.com,F,76.28,84.13,69.89,96.48,96.57,55.16,8.8,Michael Moses,Surgeon,Kristin Perkins,Commercial art gallery manager,891581,400033,christian
20211100062,MECH,Michael Mendoza,9004775787,michaelmendoza@gmail.com,M,75.14,69.97,47.28,70.53,68.32,89.09,14.79,Aaron Clark,Dance movement psychotherapist,Pamela Gilbert,Geochemist,935822,400053,christian
20211100063,IT,David Watson,9004914848,davidwatson@yahoo.com,M,64,86.2,96.62,75.87,91.07,98.44,20.83,Mathew Hobbs,"Therapist, nutritional",Krystal Collins,"Engineer, civil (contracting)",684445,400050,christian
20211100064,COMPS,Charles Lee,9004994107,charleslee@gmail.com,M,85.02,57.1,21.34,86.98,98.05,50.43,71.1,Adam Gibson,Medical technical officer,Jasmine White,Dispensing optician,908287,400024,christian
20211100065,EXTC,Brad Ayers,9987969926,bradayers@gmail.com,M,87.57,93.33,16.6,60.99,80.45,85.88,67.99,Tyler Crane,Haematologist,Samantha Nguyen,Ceramics designer,1470923,400100,christian
20211100066,EXTC,Barbara Solomon,7738367431,barbarasolomon@yahoo.com,F,95.17,53.57,27.13,59.63,73.53,60.59,61.54,Miguel Delacruz,Call centre manager,Rhonda Cameron,Veterinary surgeon,1404861,400094,christian
20211100067,MECH,Michael Clarke,7738094588,michaelclarke@hotmail.com,M,46.7,84.24,7.58,81.65,83.51,53.4,12.8,Francisco Mack,"Journalist, magazine",Stephanie May,Comptroller,1468393,400102,christian
20211100068,MECH,Amy Levine,8999925749,amylevine@gmail.com,F,87.87,94.81,0.65,78.13,58.01,72.51,19.79,Jesse Evans,"Scientist, clinical (histocompatibility and immunogenetics)",Brittany Frederick,Geophysicist/field seismologist,482758,400006,christian
20211100069,MECH,Tina Sawyer,9665226405,tinasawyer@yahoo.com,F,42.74,75.63,90.8,72.14,66.72,83.72,42.27,Ryan Shaffer,Chief Marketing Officer,Kristy Johns,Technical brewer,429123,400071,christian
20211100070,EXTC,Frank Sherman,8454926707,franksherman@gmail.com,M,54.14,99.92,20.62,60.07,54.03,87.06,16.34,Christopher Benson,"Administrator, education",Veronica Campbell,Ophthalmologist,666062,400009,christian
20211100071,IT,Michael Allen,9665579076,michaelallen@yahoo.com,M,97.42,81.23,21.46,67.13,74.24,65.97,78.73,Daniel Brown,Clinical biochemist,Melissa Gray,Archivist,957473,400093,christian
20211100072,IT,David Rivera,9967139601,davidrivera@gmail.com,M,99.22,88.01,37.55,96.97,89.32,83.67,89.68,Anthony Williamson,Ecologist,Kimberly Johnson,Product designer,759294,400019,christian
20211100073,MECH,Jennifer Matthews,9987087643,jennifermatthews@gmail.com,F,42.32,56.52,60.91,67.14,53.51,88.26,64.18,Eric Navarro,Animal nutritionist,Ashley Valencia,Financial trader,678261,400012,christian
20211100074,MECH,Richard Austin II,9665229017,richardaustinii@gmail.com,M,41.73,51.35,66.6,82.56,74.54,79.64,48.71,James Wright,Applications developer,Donna Davis,"Scientist, research (medical)",531052,400085,christian
20211100075,EXTC,Jonathan Ramirez,9665581960,jonathanramirez@gmail.com,M,48.78,85.32,19.47,63.86,60.22,56.95,26.91,Michael Ramsey,"Production assistant, television",Elizabeth Martin,"Psychologist, occupational",734029,400095,christian
20211100076,COMPS,Benjamin Gibson MD,8999064439,benjamingibsonmd@gmail.com,M,84.77,55.08,51.55,63.81,56.89,74.88,10.47,Gene Jones,Risk manager,Angela Wright,Advice worker,1152592,400087,christian
20211100077,COMPS,Raymond Williams,8999118401,raymondwilliams@gmail.com,M,41.55,59.64,69.26,77.36,89.52,72.29,76.12,Larry Dudley,"Journalist, magazine",Paula Vincent,"Doctor, hospital",1484245,400030,christian
20211100078,MECH,Ryan Turner,7738943954,ryanturner@yahoo.com,M,47.82,66.4,22.75,66.04,60.45,65.23,18.17,Paul Edwards,Dramatherapist,Nicole Tucker,"Psychologist, counselling",453983,400093,christian
20211100079,MECH,Cynthia Roberts,9987462241,cynthiaroberts@gmail.com,F,66.07,51.29,84.81,76.74,95.96,81.12,42.54,Joshua Gonzales,Retail banker,Felicia Collins,Nutritional therapist,1413705,400052,christian
20211100080,COMPS,Bryce Hughes,9892386206,brycehughes@gmail.com,M,37.98,94.45,80.5,59.48,68.42,78.04,21.94,Daniel Hill,Control and instrumentation engineer,Brooke Mcguire,"Administrator, education",451800,400041,christian
20211100081,COMPS,Paul Green,8454885590,paulgreen@gmail.com,M,64.01,64.2,54.31,97.2,97.59,69.32,72.49,Daniel Mcgrath,"Engineer, petroleum",Deborah Smith DVM,"Therapist, speech and language",811810,400059,christian
20211100082,COMPS,Robert Hanson,9665079418,roberthanson@yahoo.com,M,44.04,54.3,64.36,77.37,90.15,61.15,6.09,James Bell,"Teacher, primary school",Sherry Harper,Counsellor,1038152,400050,christian
20211100083,EXTC,Nathan Johns,8999883088,nathanjohns@yahoo.com,M,95.27,51.31,79.3,57.13,82.84,51.19,52,William Poole,Geophysical data processor,Ashley Cowan,Holiday representative,214503,400041,non-minority
20211100084,IT,Leslie Wood,9004912744,lesliewood@gmail.com,F,97.85,95.61,77.22,92.02,76.1,89.49,1.88,Casey Cox,Trade mark attorney,Jessica Mitchell,Quarry manager,1352864,400021,non-minority
20211100085,COMPS,Hannah Moran,9892449521,hannahmoran@hotmail.com,F,84.9,66.41,30.41,54.06,73.57,71.85,88.78,Corey Wade,Air traffic controller,Tammy Lee,Therapeutic radiographer,1379335,400062,non-minority
20211100086,COMPS,Kendra King,9967785490,kendraking@gmail.com,F,85.72,75.39,59.92,59.44,81.89,75.31,1.55,Scott Dennis,"Engineer, automotive",Julia Burton DDS,Recruitment consultant,164940,400062,non-minority
20211100087,IT,Justin Brown,8999550611,justinbrown@gmail.com,M,41.55,65.95,78.86,67.12,91.03,55.15,10.93,Andrew Campbell,Civil Service administrator,Mary Swanson,Paediatric nurse,183350,400065,non-minority
20211100088,EXTC,John Deleon,9892633753,johndeleon@gmail.com,M,81.29,86.07,57.14,58.04,75.72,60.15,29.75,John Strong,Public relations account executive,Stephanie Ford,Management consultant,746283,400033,non-minority
20211100089,MECH,Michael Cooper,8999222174,michaelcooper@gmail.com,M,62.3,59,87.25,61.52,71.23,72.22,53.02,Adrian Webb,"Scientist, research (medical)",Donna Sherman,Translator,1374446,400016,non-minority
20211100090,COMPS,William Murray,8452838394,williammurray@yahoo.com,M,55.85,97.23,24.62,61.35,71.77,75.01,39.2,Dustin Cook,Sales promotion account executive,Michele Duncan,"Engineer, biomedical",1188683,400101,non-minority
20211100091,EXTC,Sharon White,9892061719,sharonwhite@gmail.com,F,98.82,81.63,20.95,50.89,51.71,62.72,23.04,Michael Novak,Museum/gallery exhibitions officer,Teresa Craig,Environmental manager,371059,400077,non-minority
20211100092,COMPS,Peter Reyes Jr.,9004121330,peterreyesjr.@gmail.com,M,84.29,89.71,81.61,99.16,52.05,61.71,19.27,David Estes,Patent attorney,Nicole Hicks,Occupational psychologist,1250375,400084,non-minority
20211100093,MECH,Joshua Williams,8999727155,joshuawilliams@gmail.com,M,97.2,81.1,64.8,84.46,79.21,73.37,63.41,James Woods,"Designer, blown glass/stained glass",Melinda Chavez,Diplomatic Services operational officer,1258157,400027,non-minority
20211100094,COMPS,Tina Hatfield,9665852214,tinahatfield@gmail.com,F,99.34,60.91,50.74,75.38,88.67,82.8,89.9,William Valentine,Chief Strategy Officer,Elizabeth Rodriguez,Mechanical engineer,688609,400011,non-minority
20211100095,EXTC,Mark Gibbs,7738677160,markgibbs@gmail.com,M,91.88,56.59,10.11,65.66,80.42,65.54,2.9,Mr. Joseph Oliver,Drilling engineer,Cynthia Gardner,"Teacher, English as a foreign language",1017127,400048,non-minority
20211100096,EXTC,Tina George,8999514991,tinageorge@gmail.com,F,90.67,55.15,41.29,91.71,52.03,83.48,51.24,Thomas Case,Occupational therapist,Deborah Small,"Presenter, broadcasting",154313,400082,non-minority
20211100097,COMPS,Michael Franklin,9987691324,michaelfranklin@gmail.com,M,39.01,75.84,0.52,64.82,64.19,92.67,83.49,Franklin Silva,Magazine features editor,Maria Freeman,Operational researcher,234222,400090,non-minority
20211100098,EXTC,Keith Smith,8454059904,keithsmith@gmail.com,M,81.08,84.5,45.12,79.49,75.21,78.48,29.04,Matthew Henderson,Special educational needs teacher,Catherine Thomas,Office manager,1290608,400004,non-minority
20211100099,EXTC,Joseph Morgan,9892313871,josephmorgan@gmail.com,M,60.59,68.54,53.86,91.68,64.66,97.54,51.14,Daniel Deleon,Personal assistant,Melissa Bell,Community arts worker,391941,400101,non-minority
20211100100,EXTC,Lisa Willis,9665740374,lisawillis@yahoo.com,F,53.56,72.64,63.04,89.31,58.17,82.44,86.08,Sean Schroeder,Tourist information centre manager,Felicia Blankenship,Colour technologist,1441918,400075,non-minority
20211100101,IT,Elizabeth Bryan,8999510946,elizabethbryan@gmail.com,F,48.25,75.78,52.38,86,64.9,82.74,60.45,David Wu,"Therapist, occupational",Alicia Jones,Counselling psychologist,458016,400078,non-minority
20211100102,EXTC,Gary Lopez,9867751761,garylopez@gmail.com,M,74.28,84.49,43.96,61.18,98.65,65.35,9.09,James Page,Insurance risk surveyor,Latoya Haynes,Mental health nurse,721893,400102,non-minority
20211100103,IT,James Gibbs,9987297810,jamesgibbs@gmail.com,M,38.04,69.86,62.55,79.83,87.02,73.27,3.68,Jack Hill,Teaching laboratory technician,Melanie Taylor,Tax adviser,1439304,400078,non-minority
20211100104,MECH,Mark Black,8999371892,markblack@yahoo.com,M,84.69,98.01,83.19,69.89,97.15,85.64,15.53,Brian Case,Quantity surveyor,Sheila Thomas,Animal technologist,840329,400011,non-minority
20211100105,MECH,Joseph Church,9665073957,josephchurch@gmail.com,M,51.45,63.43,87.48,91.2,65.94,75.81,34.28,Christian Cochran,Futures trader,Debbie Cunningham,Building control surveyor,777946,400068,non-minority
20211100106,COMPS,David Gilmore,9867547288,davidgilmore@gmail.com,M,47.28,59.2,37.7,72.06,54.77,71.61,82.98,Jason Edwards,Field trials officer,Nicole Bowen,Associate Professor,1352873,400034,non-minority
20211100107,MECH,Steve Saunders,8999078163,stevesaunders@gmail.com,M,96.58,76.85,0.91,59.07,94.99,90.89,32.48,Dylan Fuller,"Engineer, water",Patricia Davis,Historic buildings inspector/conservation officer,359220,400031,non-minority
20211100108,IT,Christopher Martin,7738926397,christophermartin@yahoo.com,M,79.57,53.4,72.26,70.1,77.75,57.56,70.65,Christopher Fowler,Film/video editor,Traci Rogers,"Restaurant manager, fast food",1369116,400019,non-minority
20211100109,IT,Kevin Evans,8999456149,kevinevans@hotmail.com,M,81.71,79.47,31.3,87.81,99.83,54.63,27.81,Tim Simpson,Chartered legal executive (England and Wales),Tracy Kim,Print production planner,275589,400101,non-minority
20211100110,COMPS,Paul Clayton,9967422961,paulclayton@gmail.com,M,62.25,79.39,72.59,86.7,97.61,73.17,11.53,Bradley Hart,"Surveyor, commercial/residential",Erica Fox,Ambulance person,964027,400003,non-minority
20211100111,EXTC,Kimberly Robinson,9892511258,kimberlyrobinson@gmail.com,F,80.22,94.11,8.35,55.41,92.2,60.34,5.64,Anthony Hampton,Nutritional therapist,Linda Calderon,Web designer,477472,400088,non-minority
20211100112,IT,Tammy Solomon,9892545828,tammysolomon@hotmail.com,F,60.24,99.03,25.97,96.49,70.18,93.1,75.72,Matthew Li,"Civil engineer, contracting",Courtney Hobbs,Medical secretary,954655,400056,non-minority
20211100113,COMPS,Kristi Lopez,9892593202,kristilopez@yahoo.com,F,50.23,56.02,41.54,54.23,92.61,92.18,73.68,Wesley Davis,"Teacher, special educational needs",Katelyn Mills,Landscape architect,1455913,400035,non-minority
20211100114,COMPS,Justin Cordova,9665373484,justincordova@gmail.com,M,67.16,85.46,17.35,90.72,94.81,53.62,76.72,Andrew Garcia,Dance movement psychotherapist,Donna Barry,Dispensing optician,751652,400023,non-minority
20211100115,IT,Jeffrey Mitchell,9987627646,jeffreymitchell@gmail.com,M,48.64,87.15,32.14,73.01,81.54,71.23,23.65,Samuel Robles,"Clinical scientist, histocompatibility and immunogenetics",Katherine Tate,Fish farm manager,841026,400038,non-minority
20211100116,EXTC,Jesus Jones,7738049696,jesusjones@gmail.com,M,98.6,87.09,3.31,91.74,56.97,63.01,70.96,Michael Cooper,Teaching laboratory technician,Jodi Rojas,Automotive engineer,261212,400096,non-minority
20211100117,COMPS,Katherine Fisher,9867942015,katherinefisher@yahoo.com,F,73.55,68.23,96.1,93.92,90.95,78.01,50.02,Derek George,"Radiographer, therapeutic",Victoria Butler,"Geneticist, molecular",460538,400072,non-minority
20211100118,COMPS,Todd King,9665682799,toddking@hotmail.com,M,48.76,75.1,84.65,95.07,57.63,77.7,22.62,Marvin Schmidt,Accommodation manager,Cynthia Oconnor,Public librarian,806897,400087,non-minority
20211100119,IT,Ricky Lawrence,8999390856,rickylawrence@gmail.com,M,71.66,86.52,73.39,82.75,63.74,73.84,88.84,Sergio Holland,"Conservation officer, nature",Sheryl Williams,Ranger/warden,534745,400077,non-minority
20211100120,COMPS,Charles Martin,9892059363,charlesmartin@yahoo.com,M,69.93,73.27,70.08,68.8,88.11,93.83,21.73,Mr. Jacob Russo,Podiatrist,Annette Johnson,Neurosurgeon,522631,400029,non-minority
20211100121,COMPS,David Nichols,8454828888,davidnichols@gmail.com,M,78.7,65.83,2.58,76.9,82.97,73.83,68.69,Randy Peters,Computer games developer,Stephanie Hart,Fast food restaurant manager,239067,400010,non-minority
20211100122,EXTC,Ryan Herrera,9665128143,ryanherrera@yahoo.com,M,61.87,70.4,18.14,90.33,83.07,81.1,48.29,William Cantrell,"Conservation officer, historic buildings",Erin Williams,Editorial assistant,235888,400052,non-minority
20211100123,IT,Jamie Smith,9892951543,jamiesmith@gmail.com,F,67.5,88.89,98.61,97.43,70.87,82.91,5.81,Justin Maxwell,Banker,Kathleen Rhodes,Sports development officer,1125557,400048,non-minority
20211100124,MECH,Jessica Thompson,8452896998,jessicathompson@gmail.com,F,39.81,70.66,84.9,82.81,51.57,56.74,43.59,Jeremy Thompson,Armed forces technical officer,Penny Martinez,Print production planner,228258,400100,christian
20211100125,MECH,Michael Proctor,9987251256,michaelproctor@gmail.com,M,88.73,53.6,32.08,52.96,77.84,62.04,33.77,Alex Collins,Theme park manager,Kimberly Reynolds,Solicitor,1030185,400019,christian
20211100126,MECH,Justin Hernandez,9665357879,justinhernandez@gmail.com,M,56.4,91.84,52.37,80.18,92.41,86.19,25.28,Kevin Vasquez,Printmaker,Cynthia Green,"Research officer, political party",1133611,400074,christian
20211100127,IT,Christopher Miller,9967347528,christophermiller@gmail.com,M,52.31,79.51,55.08,84.01,54.03,69.32,71.03,Nicholas Allison,Chief Operating Officer,Stephanie Turner,"Accountant, chartered certified",647561,400018,christian
20211100128,IT,James Brown,9967769065,jamesbrown@gmail.com,M,90.14,61.65,59.95,94.4,79.35,93.11,23.69,Ryan Rodriguez,Stage manager,Kristina Shelton,"Scientist, research (medical)",931062,400051,christian
20211100129,EXTC,Nicole Stone,9665680810,nicolestone@hotmail.com,F,67.09,55.11,86.83,60.75,79.87,82.6,82.19,Darrell Roy,Chemical engineer,Sierra Parker,"Journalist, newspaper",1283434,400057,christian
20211100130,COMPS,James Sandoval,9004729093,jamessandoval@yahoo.com,M,95.91,96.13,88.26,93.57,67.84,59.89,35.08,Christopher Jones,Geoscientist,Carrie Munoz,Advertising account planner,1490240,400093,christian
20211100131,EXTC,Brian Stewart,9867959831,brianstewart@yahoo.com,M,38.04,95.11,36.33,85.77,83.54,98.4,44.46,Sean Duran,Camera operator,Tiffany Miller,Camera operator,1288959,400080,christian
20211100132,IT,Michelle Herman,9665769845,michelleherman@gmail.com,F,60.83,98.54,8.02,66.58,77.83,61.85,83.93,Daniel Jackson,Applications developer,Lisa Chase,"Solicitor, Scotland",506256,400036,christian
20211100133,EXTC,Margaret Simpson,9987938697,margaretsimpson@gmail.com,F,47.98,71.56,68.05,93.48,81.2,59.56,68.09,David Greene,Travel agency manager,Alicia Martinez,Catering manager,766681,400007,christian
20211100134,EXTC,Joe Lawrence,9004266781,joelawrence@yahoo.com,M,58.11,93.93,75.54,58.61,55.87,89.35,37.71,Robert Zavala,"Engineer, materials",Chelsea Austin,Tourist information centre manager,373465,400102,christian
20211100135,MECH,Crystal Kelley,9892867400,crystalkelley@hotmail.com,F,78.15,67.07,19.84,99.65,57.92,88.31,3.43,Dylan Davis,Multimedia programmer,Casey Thornton,"Surveyor, quantity",1042725,400005,christian
20211100136,COMPS,Robert Simmons,9987053146,robertsimmons@hotmail.com,M,58.71,94.6,66.18,95.56,61.19,92.25,52.09,David Williams,Purchasing manager,Brittany Lee,"Scientist, research (medical)",604715,400020,christian
20211100137,COMPS,Christina Long,9892715351,christinalong@yahoo.com,F,96.18,52.22,51.08,66.02,56.42,67.56,81.6,Robert Davis,Physiological scientist,Linda Harris,Environmental consultant,1457511,400049,christian
20211100138,EXTC,Teresa Beck,9987524215,teresabeck@gmail.com,F,60.14,92.58,9.67,92.78,80.6,88.82,47.54,Ronald Guzman,Site engineer,Tracy Brown,Lawyer,1324750,400034,christian
20211100139,IT,Jamie Miller,7738221609,jamiemiller@gmail.com,M,71.91,97.47,70.25,90.79,76.07,60.6,17.73,John Forbes,Arboriculturist,Melissa Sanchez,Secretary/administrator,563857,400003,christian
20211100140,COMPS,Austin Novak,8452988202,austinnovak@gmail.com,M,45.74,61.68,62.98,50.8,54.75,79.5,41.97,Bradley Reyes,Social worker,Cindy Hogan,"Engineer, building services",1218812,400102,christian
20211100141,EXTC,Daniel Moses,7738887162,danielmoses@yahoo.com,M,51.44,63.81,44.57,99.01,98.49,91.82,16.15,Michael Cain,Television floor manager,Brenda Harris,Environmental manager,1235704,400093,christian
20211100142,MECH,Nicholas Lowe,9665796298,nicholaslowe@gmail.com,M,58.86,63.87,28.61,58.15,82.89,96.29,17.04,Steven Rios,Occupational therapist,Courtney Walsh,Network engineer,1327828,400047,christian
20211100143,MECH,William Howard PhD,8454910383,williamhowardphd@yahoo.com,M,56.26,90.53,88.73,54.05,65.66,68.86,68.3,Michael Lynch,Insurance risk surveyor,Yvette Ross,Freight forwarder,501115,400055,christian
20211100144,MECH,Michael Mathews,9004423590,michaelmathews@gmail.com,M,53.79,76.72,73.94,76.66,79.46,66.8,11.08,Samuel Wilson,Financial planner,Sheena Ramirez,Editorial assistant,548232,400059,christian
20211100145,COMPS,Joel Mills,7738770015,joelmills@gmail.com,M,41.74,66.87,50.82,66.98,89.03,85.94,22.29,Christopher Wilkins,Television/film/video producer,Cathy Mcdonald DVM,"Psychologist, occupational",1444054,400067,christian
20211100146,EXTC,Barry Shaw,9004650805,barryshaw@gmail.com,M,78.29,81.43,65.57,59.31,64.22,79.43,18.87,Mr. Randy Benjamin,Regulatory affairs officer,Jeanne Fields,Community arts worker,502130,400096,christian
20211100147,IT,Eric Marshall,8454019457,ericmarshall@yahoo.com,M,60.89,98.27,41.43,72.31,97.81,55.24,53.86,Jordan Holt,"Accountant, chartered certified",Alexandra Conley,Police officer,1187426,400023,christian
20211100148,MECH,Jane Avila,9892584247,janeavila@gmail.com,F,55.22,72.79,92.24,91.89,93.46,50.7,38.64,Timothy Carter,Television production assistant,Brandy Mendoza,"Teacher, primary school",421723,400023,christian
20211100149,COMPS,Peter Bradford,9967291482,peterbradford@gmail.com,M,66.54,81.94,87.76,77.24,86.35,91.79,13.16,Joseph Sanders,Clinical molecular geneticist,Julie Cochran,"Engineer, drilling",298026,400055,christian
20211100150,MECH,Jaime Carlson,9867077646,jaimecarlson@gmail.com,M,70.56,74.79,51.15,79.4,97.26,62.31,60.94,Jesus Miller,Occupational hygienist,Andrea Johnson,Site engineer,370301,400044,christian
20211100151,EXTC,Joseph Pittman,7738352218,josephpittman@gmail.com,M,77.5,65.3,43.49,95.4,61.4,88.22,8.63,Kevin Martinez,Legal secretary,Terri Rice,Medical technical officer,1236814,400031,christian
20211100152,EXTC,Mark Hubbard,8454919232,markhubbard@yahoo.com,M,91.72,67.15,37.75,56.6,59.4,63.41,69.46,Hector Miles,Phytotherapist,Mrs. Eileen Hayes,"Teacher, adult education",1244443,400014,christian
20211100153,IT,Brett Hayes,9867627898,bretthayes@gmail.com,M,93.71,90.29,2.49,66.34,95.83,97.05,19.04,Tyler Wallace,Health service manager,Yesenia Lewis,Scientific laboratory technician,289602,400030,christian
20211100154,COMPS,Ruben Keller,9665749531,rubenkeller@gmail.com,M,53.02,74.46,10.23,78.39,54.97,72.38,74.04,Joshua Ward,Neurosurgeon,Brittany Deleon,"Development worker, community",1106681,400061,christian
20211100155,IT,Angelica Stanley,9987089311,angelicastanley@gmail.com,F,88.58,84.16,31.54,91.47,66.68,92.49,70.22,Andrew Rodriguez,"Biochemist, clinical",Tammy Mcdonald,Medical laboratory scientific officer,1178406,400007,christian
20211100156,EXTC,Nathan Jackson,9004039555,nathanjackson@yahoo.com,M,90.32,61.37,63.46,78.29,91.91,70.12,40.72,John Chung,Airline pilot,Rebecca Ross,Clinical research associate,849265,400014,christian
20211100157,MECH,Eric Schroeder,9987248848,ericschroeder@gmail.com,M,44.35,69.69,67.07,51.27,73.42,81.73,66.95,Craig Schneider,"Scientist, clinical (histocompatibility and immunogenetics)",Rhonda Williams,Systems developer,628391,400044,christian
20211100158,MECH,Jay Blanchard,9665052670,jayblanchard@yahoo.com,M,51.75,59.49,91.62,85.14,53.9,66.44,29.34,Brian Palmer,Chartered public finance accountant,Jade Green,Government social research officer,464449,400046,christian
20211100159,IT,Melanie Ford,9987399871,melanieford@gmail.com,F,70.94,64.47,95.17,71.38,88.54,76.39,76.41,Daniel Walker,Commissioning editor,Dana Logan,Restaurant manager,1172686,400011,christian
20211100160,MECH,Megan Nelson,9867268416,megannelson@gmail.com,F,36.48,72.84,56.44,85.9,71.09,84.26,82.24,George West,"Engineer, electrical",Nicole Brown,Barrister's clerk,115911,400036,christian
20211100161,COMPS,John King,9967456850,johnking@hotmail.com,M,89,79.48,42.97,72.56,73.24,64,80.91,Aaron Cunningham,"Teacher, secondary school",Tiffany Ballard,"Surveyor, minerals",1405757,400069,christian
20211100162,MECH,Brooke Carr,9967479690,brookecarr@gmail.com,F,41.46,55.24,27.28,82.05,74.64,80.17,10.92,Andrew Wright,Exhibition designer,Jillian Maynard,Commissioning editor,977999,400070,christian
20211100163,COMPS,Melinda Murillo,9892091298,melindamurillo@gmail.com,F,95.19,90.3,71.81,79.41,82.75,54.49,66.08,Robert Young,Dealer,Christine Watson,Banker,394184,400052,christian
20211100164,MECH,Matthew Wang,7738513085,matthewwang@gmail.com,M,65,60.46,20.93,51.09,93.7,77.65,75.7,Richard Kent,Water engineer,Cathy Welch,Systems analyst,1246839,400099,christian
20211100165,IT,Connie Proctor,8999790132,connieproctor@gmail.com,F,98.41,83.05,21.5,58.75,68.83,70.46,36.03,Matthew Young,"Nurse, adult",Yvette Mills,Research scientist (medical),955885,400090,christian
20211100166,IT,Nathaniel Harris MD,9987854433,nathanielharrismd@gmail.com,M,35.99,85.75,44.32,61.25,67.31,87.69,24.92,Chase Williams,Clothing/textile technologist,Megan Johnson,Meteorologist,1184801,400021,christian
20211100167,MECH,Bob Farmer,9987925273,bobfarmer@yahoo.com,M,70.21,87.76,16.53,98.84,79.2,73.33,11.81,Kevin Robinson Jr.,"Therapist, art",Elizabeth Stewart,Government social research officer,705915,400016,christian
20211100168,EXTC,Christopher Baker,9665019022,christopherbaker@gmail.com,M,84.22,63.57,44.86,75.81,80.93,91.85,30.62,Jason Long,"Engineer, communications",Dr. Janice Wright MD,"Accountant, chartered certified",132033,400088,christian
20211100169,EXTC,Jennifer Fernandez PhD,9004568942,jenniferfernandezphd@hotmail.com,F,65.42,55.75,55.33,94.08,59.44,51.49,37.35,Colin Gomez,Freight forwarder,Sherry Dean,Architectural technologist,370204,400097,christian
20211100170,EXTC,Jay Griffin,9004788521,jaygriffin@gmail.com,M,98.49,85.41,48.72,79.13,62.38,77.99,48.39,Kyle Riley,Conference centre manager,Katie Combs,Academic librarian,1403633,400030,christian
20211100171,IT,John Richardson,8454970865,johnrichardson@gmail.com,M,53.64,54.51,71.15,90.65,98.22,90.06,17.69,Peter Liu,Petroleum engineer,Elaine Howard,"Geologist, engineering",288592,400034,christian
20211100172,IT,Patricia Benton,8454858898,patriciabenton@gmail.com,F,95.97,65.11,52.68,68.01,70.6,65.63,15.03,Christopher Kim,Production manager,Amanda Heath,Retail banker,590870,400034,christian
20211100173,IT,James Pena DDS,8452025884,jamespenadds@gmail.com,M,48.76,51.59,67.73,54.46,67.49,65.15,27.85,Mario Sullivan,Advertising account planner,Theresa Clark,Local government officer,178194,400022,christian
20211100174,IT,Gregory Perry,7738475082,gregoryperry@gmail.com,M,89.42,93.54,26.97,59.94,79.13,61.68,32.13,Jacob Freeman,"Engineer, energy",Samantha Williams,Recruitment consultant,627692,400067,christian
20211100175,COMPS,Christopher Rodriguez,8451989341,christopherrodriguez@yahoo.com,M,84.66,52.59,1.2,63.4,78.2,74.95,1.92,Benjamin Barker,Water quality scientist,Katie Delgado,Social worker,412260,400018,christian
20211100176,MECH,William Taylor,9987572881,williamtaylor@yahoo.com,M,69.92,67.41,88.18,98.33,84.24,78.59,5.43,Tom Johnson,Multimedia specialist,Christina Charles,Social worker,1317502,400060,christian
20211100177,IT,Brandon Clark,9987064160,brandonclark@hotmail.com,M,90.32,59.61,47.2,64.63,80.96,51.95,7.61,Michael Wright,"Accountant, chartered public finance",Holly Alexander,Accommodation manager,786910,400055,christian
20211100178,IT,Kristen Wood,9967048636,kristenwood@gmail.com,F,48.19,89.2,22.9,71.86,66.52,67.95,26.1,Samuel Scott,Publishing copy,Pamela Rose,"Administrator, Civil Service",1454104,400067,christian
20211100179,COMPS,Felicia Payne,9967540393,feliciapayne@gmail.com,F,82.73,78.34,51.64,81.96,88.69,87.58,58.7,Timothy Knox,Call centre manager,Abigail Garza,Accommodation manager,1317613,400012,christian
20211100180,EXTC,Michael Harrison MD,9004460849,michaelharrisonmd@gmail.com,M,93.14,91.83,59.4,88.2,76.32,76.94,16.17,Todd Carter,"Engineer, materials",Christine Leblanc,"Therapist, horticultural",539178,400054,christian
20211100181,COMPS,Victor Brown,9004829009,victorbrown@gmail.com,M,59.6,56.55,29.85,78.45,62.44,93.47,23.43,Nicholas Barnett,Fast food restaurant manager,Michele Solomon,Systems analyst,811356,400097,christian
20211100182,EXTC,Kimberly Curry,9004119800,kimberlycurry@gmail.com,F,79.3,80.63,11.92,92.07,62.43,66.27,5.46,Larry Rowe,Food technologist,Shannon Chen,Building services engineer,888001,400029,christian
20211100183,MECH,Jeremy Sullivan,8999964197,jeremysullivan@yahoo.com,M,58.96,76.58,82.2,79.51,89.26,65.3,40.18,Kevin Olsen,"Scientist, forensic",Sarah Mcguire,Tax adviser,663841,400054,christian
20211100184,EXTC,Mr. Jacob Malone,9004033725,mr.jacobmalone@gmail.com,M,66.88,91.2,0.29,61.33,71.82,62.43,40.01,William Diaz,Ranger/warden,Melissa Ballard,"Sales professional, IT",637760,400049,christian
20211100185,IT,Jeffrey Allen,9892887275,jeffreyallen@gmail.com,M,95.59,80.12,28.05,98.41,91.74,67.37,37.44,David Russell,Licensed conveyancer,Barbara Brown,Technical author,836607,400033,christian
20211100186,IT,Scott Evans,9665797367,scottevans@yahoo.com,M,62.95,56.59,68.08,55.1,66.18,96.32,13.08,Manuel Moore,"Accountant, chartered",Courtney Parker,Agricultural consultant,728739,400099,christian
20211100187,COMPS,Gregory Johnson,8999919570,gregoryjohnson@gmail.com,M,92.83,97.22,50.3,66.51,71.04,85.63,26.26,Jeffrey Brooks,Ergonomist,Leah Fisher,Insurance broker,1231285,400042,christian
20211100188,EXTC,Kevin Lee,9004931681,kevinlee@gmail.com,M,38.23,54.07,60.03,74.75,64.57,91.94,70.18,John Collins,Architect,Angela Brown,Phytotherapist,112997,400016,christian
20211100189,EXTC,Danielle Howard,7738666142,daniellehoward@gmail.com,F,86.7,99.43,54.43,61.8,82.84,80.96,63.11,Christopher Abbott,"Scientist, forensic",Christie Pittman,"Surveyor, commercial/residential",851970,400027,christian
20211100190,EXTC,David Haas,9967998400,davidhaas@gmail.com,M,76.02,74.61,29.38,68.25,88.08,84,4.34,Eric Juarez,Early years teacher,Shelly Wallace,Computer games developer,1300825,400014,christian
20211100191,MECH,Kevin Martinez,9987993905,kevinmartinez@gmail.com,M,68.24,94.25,68.51,72.46,53.01,60.12,2.07,Taylor Robertson,Agricultural consultant,Michelle Walters,Commercial art gallery manager,899017,400009,non-minority
20211100192,EXTC,Brian Walker,7738019407,brianwalker@hotmail.com,M,57.67,59.54,24.65,61.88,58.05,67.76,9.61,David Bentley,Geophysical data processor,Jade Williams,"Therapist, music",1266871,400088,non-minority
20211100193,MECH,Danielle Jones,7738585129,daniellejones@gmail.com,F,92.4,83.57,37.34,96.89,70.74,76.55,36.72,Nicholas Moore,Advertising account executive,Joanne Brewer,Chartered loss adjuster,631560,400079,non-minority
20211100194,EXTC,Manuel Williams DVM,9867486326,manuelwilliamsdvm@gmail.com,M,80.06,95.1,66.66,60.66,96.4,95.07,14.02,Danny Mitchell,"Lecturer, further education",Crystal Foley,Government social research officer,1337271,400089,non-minority
20211100195,EXTC,Caroline Thompson,8999388423,carolinethompson@gmail.com,F,88.17,76.42,7.51,99.24,88.6,83.04,47.08,Justin Riley,Social worker,Alyssa Le,"Designer, textile",522654,400101,non-minority
20211100196,COMPS,Dylan Hicks,8999274285,dylanhicks@gmail.com,M,55.97,72.03,79.43,66.37,78.33,98.5,38.33,Daniel Marshall,Museum/gallery conservator,Miranda Green,"Embryologist, clinical",110693,400033,non-minority
20211100197,EXTC,Richard Bonilla,9987770832,richardbonilla@gmail.com,M,54.41,81.32,3.35,82.56,51.13,56.48,85.22,Charles Rogers,Cabin crew,Rachel Compton,Chiropractor,639727,400100,non-minority
20211100198,EXTC,Frank Sanders,8454093780,franksanders@gmail.com,M,35.24,69.26,38.15,95.29,63.82,99.6,19.78,Steven Stevens,Health physicist,Debra Winters,Tour manager,227568,400013,non-minority
20211100199,MECH,Charlotte Nelson,9967321756,charlottenelson@yahoo.com,F,65.5,74.68,45.27,73.49,98.65,89.67,16.94,Cody Avila,Trade mark attorney,Catherine Jackson,"Journalist, newspaper",1038797,400073,non-minority
20211100200,IT,Allen Riggs,8999619635,allenriggs@gmail.com,M,55.52,53.96,62.23,69.54,74.32,54.96,21.9,Corey Wright DDS,Seismic interpreter,Monica Taylor,Outdoor activities/education manager,464576,400044,non-minority
20211100201,EXTC,Rebecca Moore,9867517715,rebeccamoore@yahoo.com,F,69.18,53.68,59.08,58.87,69.73,90.22,27.77,Patrick Garza,"Psychologist, prison and probation services",Heather Wells,"Administrator, sports",538136,400034,non-minority
20211100202,IT,Kristin Marsh,9867970343,kristinmarsh@gmail.com,F,89.35,84.34,10.14,50.3,54.27,55.84,36.91,Joshua Castaneda,Location manager,Judith Ortiz,"Librarian, academic",472655,400044,non-minority
20211100203,IT,Sandra Miller,7738389966,sandramiller@gmail.com,F,42.52,76.07,88.45,96.59,82.32,68.38,28.65,Andrew Harris,Pathologist,Brittney Peterson,Financial adviser,766799,400020,non-minority
20211100204,MECH,Bill Evans,8999796088,billevans@gmail.com,M,42.05,75.67,87.17,51.05,84.21,72.21,21.54,Adam White,Accommodation manager,Elizabeth Wells MD,Photographer,793329,400046,non-minority
20211100205,COMPS,Shannon Morgan,8451052220,shannonmorgan@yahoo.com,F,46.97,69.31,10.3,87.74,51.09,51.47,77.57,Matthew Bean,"Designer, industrial/product",Gina Hernandez,Youth worker,790263,400058,non-minority
20211100206,IT,Ryan Dickerson,8999184356,ryandickerson@gmail.com,M,55.56,74.32,47.97,56.47,55.01,83.47,31.08,Vincent Rojas,Civil Service administrator,Cynthia Schmitt,Accommodation manager,1438957,400039,non-minority
20211100207,COMPS,Rachel Mendez,9665973306,rachelmendez@gmail.com,F,62.57,57.44,86.58,66.11,88.31,99.99,58.02,Alan Wiggins,Arboriculturist,Kelly Young,Lawyer,898954,400057,non-minority
20211100208,IT,Christopher Martinez,7738291806,christophermartinez@gmail.com,M,78.75,89.59,18.61,98.94,70.45,98.82,72.3,Cameron Young,"Copywriter, advertising",Amanda Lee,Pension scheme manager,373566,400061,non-minority
20211100209,EXTC,Paul Frazier,7738597347,paulfrazier@yahoo.com,M,85,77.02,72.4,57.26,64.74,88.03,60.37,Raymond Harris,Psychiatrist,Chelsea Villa,"Buyer, retail",1255381,400012,non-minority
20211100210,EXTC,Deanna Vasquez,8999382363,deannavasquez@gmail.com,F,73.07,81.76,63.27,57.97,55.1,54.17,3.31,Brian Clayton,Chief Strategy Officer,Jocelyn Bates,Therapeutic radiographer,129512,400062,non-minority
20211100211,IT,Rebecca Smith,9987516737,rebeccasmith@gmail.com,F,71.23,84.5,60.14,80.46,83.98,89.67,33.19,Larry Davidson,Physiotherapist,Shelia Pearson,"Investment banker, corporate",517543,400003,non-minority
20211100212,EXTC,Derek Ward MD,9892295042,derekwardmd@gmail.com,M,74.25,80.39,94.16,92.8,76.08,90.46,11.17,Charles Compton,Records manager,Monica White,Theatre manager,419612,400037,non-minority
20211100213,COMPS,Robert Fowler DDS,9004952563,robertfowlerdds@gmail.com,M,70.93,54.4,60.68,63.89,88.49,76.82,21.01,Juan Leach,Research scientist (maths),Cindy Taylor,Production manager,500751,400037,non-minority
20211100214,IT,Dr. Charles Lindsey DDS,9665145558,dr.charleslindseydds@gmail.com,M,59.77,51.45,9.21,92.05,71.22,66.8,65.88,Kyle Jones,Recycling officer,Kristen Smith,"Therapist, horticultural",1488015,400014,non-minority
20211100215,COMPS,Ruben Winters,9004592045,rubenwinters@gmail.com,M,89.62,74.58,60.2,76.43,53.45,63.79,19.49,Wesley Johnson,Sales promotion account executive,Heidi Everett,Personnel officer,916848,400078,non-minority
20211100216,MECH,Tyler Neal,9665692355,tylerneal@hotmail.com,M,66.79,84.36,64.12,69.06,68.71,65.15,2.45,Michael Martin Jr.,"Engineer, water",Emily Blackwell,Fish farm manager,458823,400032,non-minority
20211100217,COMPS,Joe Ramirez,9967059670,joeramirez@hotmail.com,M,65.87,53.66,70.21,74.48,80.54,92.47,38.05,Darrell Holt,Photographer,Melissa Burgess,Comptroller,345347,400059,non-minority
20211100218,MECH,Luis Smith,7738548596,luissmith@gmail.com,M,79.11,90.79,33.07,53.59,64.91,96.87,4.26,Steve Allen,Interpreter,Taylor Burch,Magazine journalist,1350751,400081,non-minority
20211100219,EXTC,Courtney Edwards,9867775552,courtneyedwards@gmail.com,F,73.66,86.05,64.28,54.01,62.57,83.95,31.17,Brad Rogers,Database administrator,Kelly Wallace,Marketing executive,291808,400094,non-minority
20211100220,IT,Amanda King,9004117248,amandaking@gmail.com,F,68.89,78.49,69.49,50.18,54.94,87.15,22.54,Michael Jackson,Tourism officer,Mary Adams,Immunologist,642042,400089,non-minority
20211100221,COMPS,Ian Parker,8452825047,ianparker@gmail.com,M,43.53,69.9,24.47,84.57,51.62,75.44,20.14,Philip Nelson,Health promotion specialist,Christy Stephens,Operational investment banker,1123243,400074,non-minority
20211100222,MECH,Kevin Sanchez,7738367146,kevinsanchez@gmail.com,M,51.74,93.25,6.18,95.56,69.49,88.14,67.56,Danny Garcia,Tourist information centre manager,Elizabeth Hopkins,Market researcher,549081,400075,non-minority
20211100223,EXTC,Richard James,8999149525,richardjames@yahoo.com,M,61.19,70.95,95.3,69.39,89.71,63.4,15.92,Brett Mcdaniel,Toxicologist,Michele Nunez,Operations geologist,1426008,400102,non-minority
20211100224,EXTC,Lucas Shaw,9892283526,lucasshaw@gmail.com,M,72.31,79.8,70.47,93.66,77.7,88.19,1.46,Jeffrey Fleming,"Engineer, automotive",Tasha Howard,Environmental health practitioner,1387154,400017,non-minority
20211100225,EXTC,Michelle Costa,7738541058,michellecosta@gmail.com,F,95.92,90.39,94.47,87.04,70.64,95.92,13.51,Henry Cummings,"Surveyor, insurance",Kimberly Hester,"Teacher, adult education",855625,400008,non-minority
20211100226,MECH,David Walters,9004348732,davidwalters@hotmail.com,M,77.98,99.98,36.94,66.29,90.81,54.16,31.32,Craig Larson,Community arts worker,Nicole Jones,Risk analyst,1265474,400096,non-minority
20211100227,MECH,Laura Bolton,9987291070,laurabolton@gmail.com,F,71.07,55.98,31.25,90.76,96.68,70.79,76.07,Shane Wilson,Holiday representative,Stacy Nunez,Psychotherapist,962297,400039,christian
20211100228,IT,Steven Ford,8452025663,stevenford@yahoo.com,M,49.23,88.66,76.2,87.49,66.44,68.03,65.07,Samuel Gay,Research scientist (physical sciences),Felicia Vasquez,Marketing executive,1337615,400066,christian
20211100229,MECH,Danny Flores Jr.,9892924593,dannyfloresjr.@hotmail.com,M,37,78.33,91.77,97.91,99.85,61.87,89.64,Adam Hebert,Translator,Elaine Gray,Furniture designer,193502,400061,christian
20211100230,EXTC,Rachel Thomas,9987138646,rachelthomas@gmail.com,F,38.75,65.21,43.52,55.81,99.45,53.05,46.15,Anthony White,Holiday representative,Gloria Black,Audiological scientist,287779,400082,christian
20211100231,MECH,Jacob Phelps,9967834273,jacobphelps@gmail.com,M,88.72,68.62,61.68,74.09,96.2,55.74,30.87,Robert Page,Chartered loss adjuster,Lauren Gonzalez,Equities trader,336408,400067,christian
20211100232,COMPS,Thomas Cooper,8999859891,thomascooper@gmail.com,M,93.17,64.77,99.09,60.91,68.73,94.31,48.94,Clinton Jenkins,Location manager,Kaitlyn King,Physiotherapist,787316,400092,christian
20211100233,MECH,Jason Chase,8999569320,jasonchase@gmail.com,M,77.4,60.45,71.9,96.52,80.79,51.65,69.71,William Williams,Amenity horticulturist,Angela Bautista,Insurance account manager,1474225,400053,christian
20211100234,EXTC,Joseph Gardner,9987937602,josephgardner@hotmail.com,M,76.95,80.45,89.27,68.71,78.61,81.05,51.34,Johnathan Brock,Water quality scientist,Cheryl Walker,Lexicographer,1350772,400075,christian
20211100235,MECH,Edward Jennings,9987934942,edwardjennings@gmail.com,M,70.09,91.17,90.9,59.89,55.87,64.91,19.75,Angel Montoya,"Surveyor, planning and development",Pamela Hutchinson,Ophthalmologist,1229352,400014,christian
20211100236,COMPS,Jason Moses,9665995938,jasonmoses@hotmail.com,M,57.6,58.76,61.8,72.98,77.52,79.13,61.88,Brian Allen,Private music teacher,Krystal Parks,"Surveyor, mining",202509,400087,christian
20211100237,MECH,Amanda Rasmussen,9892984190,amandarasmussen@gmail.com,F,47.1,98.89,89.21,93.6,55.74,52.6,31.29,Christopher Holt,Freight forwarder,Briana Anderson,Set designer,1305155,400019,christian
20211100238,IT,Katie Garcia,9004942462,katiegarcia@gmail.com,F,39.04,98.85,74.13,66.86,55.25,60.68,17.65,Christopher Whitehead,Metallurgist,Christina Kim,Museum/gallery curator,1083914,400067,christian
20211100239,IT,Kimberly Smith,9004958044,kimberlysmith@gmail.com,F,79.16,82.8,18.58,79.93,54.51,76.45,20.26,Eric Norris,Financial planner,Kaitlyn Davis,Bookseller,743037,400102,christian
20211100240,COMPS,Juan Eaton,9004751630,juaneaton@gmail.com,M,66.18,77.14,98.09,75.7,85.08,87.16,4.23,Brandon Hayes,Psychiatric nurse,Tara Roberts,Risk analyst,1486243,400059,christian
